Nama;Nama Website
Herlambang;http://Java Transporter
Herlambang;http://Gawiyo construction
Herlambang;http://PT. Dana Indo Tama
Herlambang;http://Mr kratom store / kratomstore.id
Herlambang;http://sahabatflorist.com/
Herlambang;http://jhomeproperty.com/
Herlambang;https://sintesaintegrasi.co.id/
Herlambang;http://suzukibangka-ani.com/
Herlambang;http://apartemenkepiting.com/
Herlambang;http://saberobag.com/
Herlambang;http://juraganonlineidbekasi.com/
Herlambang;http://kingalistore.com/
Herlambang;http://cuanderful.co
Herlambang;http://sadoca.co.id
Herlambang;http://riscommunity.com/
Herlambang;http://kahijitravelservice.com/
Herlambang;https://azmyahijabi.com/
Herlambang;http://surabayamarine.co.id/
Herlambang;http://progres-news.com/
Herlambang;http://aisuitaiwan.com/
Herlambang;https://bebwhitecsamarinda.com/
Herlambang;http://nadiakaryajati.com/
Herlambang;https://ynhijabfashion.id/
Herlambang;https://wiatraining.co.id/
Herlambang;https://madaniyahstore.com/
Herlambang;https://sayuryuk.com/
Herlambang;https://kesehatanperempuan.com/
Herlambang;http://wecartpay.com/
Herlambang;https://racinglineindonesia.com/
Herlambang;http://konveksiseragamsafety.com/
Herlambang;https://signaturepark-grandemtharyono.com
Herlambang;https://braverypet.co.id/
Herlambang;http://unitechnindo.com
Herlambang;https://natamassa.com/user-admin
Herlambang;https://baksosoun.com/
Herlambang;http://hommes.id
Herlambang;https://apin.or.id/
Herlambang;https://referensimaluku.id/
Herlambang;http://citrautamasedotwc.com
Herlambang;https://wmsmeatstore.com/
Herlambang;https://beacukaipematangsiantar.com/
Herlambang;http://bellaniolaundry.com
Herlambang;https://menarahiejau.co.id/
Herlambang;http://kartaofficial.com
Herlambang;https://mitrainfokom.co.id/
Herlambang;https://pss-store.id
Herlambang;http://gsawahlega.com
Herlambang;http://25tahun.com
Herlambang;https://sentraciput.com/
Herlambang;https://wagupedia.com/
Herlambang;https://serambirempah.com/
Herlambang;https://idncoffee.com/
Herlambang;https://sunatkhitan.com/
Herlambang;https://grosirbajusenam.com/
Herlambang;https://back2lesson.com/
Herlambang;http://gudegnikimirah.com/
Herlambang;https://ixohotels.com/
Herlambang;https://tirasbanten.id/
Herlambang;https://smartmediacomputer.co.id/
Herlambang;http://telagasolusi.com/
Herlambang;https://dokterkrisye.com/
Herlambang;https://capungindahstore.com/
Herlambang;https://travelbee.co.id/
Herlambang;https://jadiuang.id/
Herlambang;https://kayutama.com/
Herlambang;https://jehoshaphattourtravel.com/
Herlambang;https://kursusbarberwbc.com/
Herlambang;https://onatourindonesia.com/
Herlambang;https://pdskonstruksi.com/
Herlambang;https://sandalsinarmas.com/niagaweb/
Herlambang;http://maditama.com/
Herlambang;http://karomahfarm.com/
Herlambang;https://derekblueskytechnology.com/
Herlambang;https://astindojayasakti.com/
Herlambang;https://marunbotanical.com/
Herlambang;http://rasamalacendana.com/
Herlambang;https://maulanaland.com/
Herlambang;https://morenoberkatpercaya.com/
Herlambang;https://cvmauliaterentalsilangit.co.id
Herlambang;https://ga-doin.com/
Herlambang;https://goldenfrance.net/
Herlambang;https://eriskaflorist.com/
Herlambang;https://tathongperkasa.co.id/
Herlambang;https://zau-art.com/
Herlambang;https://cetakmapijazah.com/
Herlambang;https://oryadi.com/
Herlambang;https://linevofficial.com/
Herlambang;https://mesinantriandigital.id/
Herlambang;https://qualityindospices.com/
Herlambang;https://gemateknik.com/
Herlambang;https://mantigacilacap.sch.id/
Herlambang;https://niagacoconut.com/
Herlambang;https://nusaagro.com/
Herlambang;https://techthrift.id/
Herlambang;https://adensmarket.com/
Herlambang;https://rayadagang.id/
Herlambang;https://lsjeans.id/
Herlambang;https://ziankids.com/
Herlambang;https://tiaraperkasa.co.id/
Herlambang;http://inacultiva.com
Herlambang;https://marwahskincare-hazna.com/
Herlambang;https://easyware.id/
Herlambang;https://tigapermata.co.id/
Herlambang;https://yozurindonesia.com/
Herlambang;https://vistaabadilampung.com/
Herlambang;http://halocreator.com
Herlambang;http://bukitmekarwangi.id / grandalifia.id
Herlambang;https://globalcocos.com/
Herlambang;https://kjtcoolingsystem.co.id/
Herlambang;https://lembayung.co/
Herlambang;https://quotexworld.com/
Herlambang;http://localnyabyina.com
Herlambang;https://lokality.id/
Herlambang;https://sekawankaruniajaya.com/
Herlambang;https://doho.co.id/
Herlambang;http://unitedcocoindonesia.com
Herlambang;https://sdninprestanjungria.id/
Herlambang;https://fatsports.id/
Herlambang;http://nusateknikabadi.co.id
Herlambang;https://namragreenvillage.com/
Herlambang;https://smkssatryabudi1perdagangan.sch.id
Herlambang;https://mytimcorp.com/
Herlambang;https://exnessindonesialogin.com/
Herlambang;https://biotrex.co.id/
Herlambang;https://karismatenda.com/
Herlambang;https://copperyme.com/
Herlambang;https://raflesenergindo.com/
Herlambang;http://miningtoday.id
Herlambang;https://doktercaesar.com/
Herlambang;https://athteam.com/
Herlambang;https://jiwaindonesia.com/
Herlambang;http://arthamacerah.com
Herlambang;https://sixsidesinterior.com/
Herlambang;http://busurkilat.com/
Herlambang;https://cindyinterior.com/
Herlambang;http://inovamitra.com
Herlambang;http://paddingtonbed.com
Herlambang;https://infotanahsleman-agenlidia.com/
Herlambang;https://indonesialistrik.id/
Herlambang;https://wispeak.id/
Herlambang;https://opheni.com/
Herlambang;https://mainapparel.id/
Herlambang;https://harvestmansion.com/
Herlambang;https://mkscomputer.id/
Herlambang;https://tropicalvillage.co.id/
Herlambang;http://gwynmassage.com
Herlambang;http://PTHarumberkahamanah.com
Herlambang;https://jualsapikurban.com/
Herlambang;https://indojayaparts.com/
Herlambang;https://amsluxuryfurniture.com/
Herlambang;https://latubaya.com/
Herlambang;https://nazima.id/
Herlambang;http://flo-plumbing.com
Herlambang;https://buathuruftimbul.com/
Herlambang;http://malova.co.id
Herlambang;https://babeltimes.id/
Herlambang;https://batutabooks.com/
Herlambang;https://cicisehat.com/
Herlambang;https://danardatu.com/
Herlambang;https://ommatama.com/
Herlambang;https://bintangtenda.id/
Herlambang;http://gayengmasabadi.com
Herlambang;http://teradesignsbuild.com
Herlambang;http://mta.co.id
Herlambang;https://v-teki.com/
Herlambang;https://jpgadai.com/
Herlambang;https://rgsinergi.co.id/
Herlambang;https://suryamassafetindo.co
Herlambang;https://jakartaventura.com/
Herlambang;https://sayapmasbandung.com/
Herlambang;https://erentals.id/
Herlambang;https://noknit.com/
